{
    "external_push_client_only": false,
    "using_ios": true,
    "using_android": true,
    "firestore": false,
    "realtimedb": false,
    "authentication": false,
    "remote_config": false,
    "performance_monitoring": false,
    "messaging": true,
    "crashlytics": false,
    "crash_reporting": false,
    "storage": false,
    "functions": false,
    "facebook_auth": false,
    "google_auth": false,
    "admob": false,
    "invites": false,
    "dynamic_links": false,
    "ml_kit": false
}