{
  "project_info": {
    "project_number": "201847661394",
    "firebase_url": "https://hello-nativescript-vue.firebaseio.com",
    "project_id": "hello-nativescript-vue",
    "storage_bucket": "hello-nativescript-vue.appspot.com"
  },
  "client": [
    {
      "client_info": {
        "mobilesdk_app_id": "1:201847661394:android:3b1b641a25411d7a",
        "android_client_info": {
          "package_name": "com.saibbyweb.nsvuepilot"
        }
      },
      "oauth_client": [
        {
          "client_id": "201847661394-tgtee7mpssf6vkb5f7fgiqurrftmrrek.apps.googleusercontent.com",
          "client_type": 3
        }
      ],
      "api_key": [
        {
          "current_key": "AIzaSyC3VvQyHR0MiGfdzVzkGGwYtPIeCJYYppM"
        }
      ],
      "services": {
        "analytics_service": {
          "status": 1
        },
        "appinvite_service": {
          "status": 1,
          "other_platform_oauth_client": []
        },
        "ads_service": {
          "status": 2
        }
      }
    }
  ],
  "configuration_version": "1"
}